map,totalNodes,feasibleBellman,lengthBellman,timeBellman,solvingTimeBellman,feasibleDijkstra,lengthDijkstra,timeDijkstra,solvingTimeDijkstra,feasibleAStar,lengthAStar,timeAStar,solvingTimeAStar,mode,arcs,valid
toulouse,39858,1,9569.894,1179.4940517364232,769500252,1,9569.894,1179.4940517364232,9575702,1,9569.894,1179.4940517364232,17880944,3,218,1
toulouse,39858,0,-1,-1,510167722,0,-1,-1,14748497,0,-1,-1,28899584,3,0,1
toulouse,39858,1,7888.065,786.04253675202,728968862,1,7888.065,786.04253675202,4380795,1,7888.065,786.04253675202,9398698,3,155,1
toulouse,39858,0,-1,-1,83877225,0,-1,-1,39914,0,-1,-1,72510,3,0,1
toulouse,39858,0,-1,-1,5453755,0,-1,-1,12068,0,-1,-1,11125,3,0,1
