map,feasibleBellman,lengthBellman,timeBellman,solvingTimeBellman,feasibleDijkstra,lengthDijkstra,timeDijkstra,solvingTimeDijkstra,feasibleAStar,lengthAStar,timeAStar,solvingTimeAStar,mode,valid
toulouse,0,-1,-1,450459957,0,-1,-1,13363197,0,-1,-1,25203658,3,1
toulouse,1,5593.2715,534.8476028108599,661635897,1,5593.2715,534.8476028108599,3447201,1,5593.2715,534.8476028108599,6911970,3,1
toulouse,1,1096.4641,178.04026851654055,571620311,1,1096.4641,178.04026851654055,141658,1,1096.4641,178.04026851654055,313712,3,1
toulouse,0,-1,-1,15316038,0,-1,-1,13984,0,-1,-1,17619,3,1
toulouse,0,-1,-1,6509232,0,-1,-1,11487,0,-1,-1,6377,3,1
